{"cameraMode":{"drawMode":0,"name":"Shaded","section":"Shading Mode"},"sceneLighting":true,"audioPlay":false,"sceneViewState":{"showFog":true,"showMaterialUpdate":false,"showSkybox":true,"showFlares":true,"showImageEffects":true,"showParticleSystems":true},"in2DMode":false,"pivot":{"x":-0.974298894405365,"y":-0.24801650643348695,"z":-3.954160451889038},"rotation":{"x":-0.16932407021522523,"y":0.2773752808570862,"z":-0.049437712877988818,"w":-0.9444993138313294},"size":0.5557602643966675,"orthographic":false}